MTU (CET/CEST),Day-ahead Price (SEK/kWh)
1/8/24 0:00:00,0.0123824
1/8/24 1:00:00,0
1/8/24 2:00:00,-0.0001136
1/8/24 3:00:00,-0.0001136
1/8/24 4:00:00,0
1/8/24 5:00:00,0.0265824
1/8/24 6:00:00,0.0474848
1/8/24 7:00:00,0.0566864
1/8/24 8:00:00,0.1327984
1/8/24 9:00:00,0.1440448
1/8/24 10:00:00,0.134616
1/8/24 11:00:00,0.1270048
1/8/24 12:00:00,0.0575952
1/8/24 13:00:00,0.0566864
1/8/24 14:00:00,0.0589584
1/8/24 15:00:00,0.0913344
1/8/24 16:00:00,0.1217792
1/8/24 17:00:00,0.1405232
1/8/24 18:00:00,0.139728
1/8/24 19:00:00,0.1388192
1/8/24 20:00:00,0.124392
1/8/24 21:00:00,0.0685008
1/8/24 22:00:00,0.0803152
1/8/24 23:00:00,0.0565728
2/8/24 0:00:00,0.0479392
2/8/24 1:00:00,0.0381696
2/8/24 2:00:00,0.0307856
2/8/24 3:00:00,0.0298768
2/8/24 4:00:00,0.0402144
2/8/24 5:00:00,0.0560048
2/8/24 6:00:00,0.084632
2/8/24 7:00:00,0.1427952
2/8/24 8:00:00,0.20448
2/8/24 9:00:00,0.218112
2/8/24 10:00:00,0.2179984
2/8/24 11:00:00,0.219248
2/8/24 12:00:00,0.1629024
2/8/24 13:00:00,0.1697184
2/8/24 14:00:00,0.1683552
2/8/24 15:00:00,0.1957328
2/8/24 16:00:00,0.223792
2/8/24 17:00:00,0.2653696
2/8/24 18:00:00,0.2673008
2/8/24 19:00:00,0.2685504
2/8/24 20:00:00,0.2615072
2/8/24 21:00:00,0.2509424
2/8/24 22:00:00,0.2267456
2/8/24 23:00:00,0.1563136
3/8/24 0:00:00,0.1701728
3/8/24 1:00:00,0.1617664
3/8/24 2:00:00,0.1534736
3/8/24 3:00:00,0.1485888
3/8/24 4:00:00,0.1415456
3/8/24 5:00:00,0.1562
3/8/24 6:00:00,0.1814192
3/8/24 7:00:00,0.211864
3/8/24 8:00:00,0.2224288
3/8/24 9:00:00,0.2299264
3/8/24 10:00:00,0.2269728
3/8/24 11:00:00,0.2257232
3/8/24 12:00:00,0.1665376
3/8/24 13:00:00,0.0728176
3/8/24 14:00:00,0.046576
3/8/24 15:00:00,0.15052
3/8/24 16:00:00,0.2525328
3/8/24 17:00:00,0.2698
3/8/24 18:00:00,0.2637792
3/8/24 19:00:00,0.2616208
3/8/24 20:00:00,0.260144
3/8/24 21:00:00,0.2525328
3/8/24 22:00:00,0.2386736
3/8/24 23:00:00,0.2193616
4/8/24 0:00:00,0.2204976
4/8/24 1:00:00,0.211864
4/8/24 2:00:00,0.2093648
4/8/24 3:00:00,0.2048208
4/8/24 4:00:00,0.1964144
4/8/24 5:00:00,0.1932336
4/8/24 6:00:00,0.2223152
4/8/24 7:00:00,0.2360608
4/8/24 8:00:00,0.25276
4/8/24 9:00:00,0.2377648
4/8/24 10:00:00,0.1730128
4/8/24 11:00:00,0.0564592
4/8/24 12:00:00,0.0483936
4/8/24 13:00:00,-0.0002272
4/8/24 14:00:00,0.0218112
4/8/24 15:00:00,0.0565728
4/8/24 16:00:00,0.180056
4/8/24 17:00:00,0.2490112
4/8/24 18:00:00,0.2939968
4/8/24 19:00:00,0.2926336
4/8/24 20:00:00,0.2853632
4/8/24 21:00:00,0.2829776
4/8/24 22:00:00,0.2728672
4/8/24 23:00:00,0.2565088
5/8/24 0:00:00,0.2634384
5/8/24 1:00:00,0.2492384
5/8/24 2:00:00,0.2361744
5/8/24 3:00:00,0.2382192
5/8/24 4:00:00,0.2435584
5/8/24 5:00:00,0.2678688
5/8/24 6:00:00,0.2735488
5/8/24 7:00:00,0.2949056
5/8/24 8:00:00,0.3103552
5/8/24 9:00:00,0.3137632
5/8/24 10:00:00,0.3171712
5/8/24 11:00:00,0.3143312
5/8/24 12:00:00,0.313536
5/8/24 13:00:00,0.3068336
5/8/24 14:00:00,0.3011536
5/8/24 15:00:00,0.2939968
5/8/24 16:00:00,0.29536
5/8/24 17:00:00,0.29536
5/8/24 18:00:00,0.302744
5/8/24 19:00:00,0.29536
5/8/24 20:00:00,0.29252
5/8/24 21:00:00,0.286272
5/8/24 22:00:00,0.2787744
5/8/24 23:00:00,0.239128
6/8/24 0:00:00,0.21868
6/8/24 1:00:00,0.2043664
6/8/24 2:00:00,0.2015264
6/8/24 3:00:00,0.1998224
6/8/24 4:00:00,0.2023216
6/8/24 5:00:00,0.2240192
6/8/24 6:00:00,0.2598032
6/8/24 7:00:00,0.2884304
6/8/24 8:00:00,0.2982
6/8/24 9:00:00,0.3127408
6/8/24 10:00:00,0.3200112
6/8/24 11:00:00,0.25844
6/8/24 12:00:00,0.1984592
6/8/24 13:00:00,0.1855088
6/8/24 14:00:00,0.1877808
6/8/24 15:00:00,0.2262912
6/8/24 16:00:00,0.3125136
6/8/24 17:00:00,0.3185344
6/8/24 18:00:00,0.3143312
6/8/24 19:00:00,0.29536
6/8/24 20:00:00,0.2894528
6/8/24 21:00:00,0.280024
6/8/24 22:00:00,0.2451488
6/8/24 23:00:00,0.1983456
7/8/24 0:00:00,0.1594944
7/8/24 1:00:00,0.140864
7/8/24 2:00:00,0.1356384
7/8/24 3:00:00,0.1349568
7/8/24 4:00:00,0.1412048
7/8/24 5:00:00,0.1690368
7/8/24 6:00:00,0.1934608
7/8/24 7:00:00,0.2337888
7/8/24 8:00:00,0.2608256
7/8/24 9:00:00,0.263552
7/8/24 10:00:00,0.2523056
7/8/24 11:00:00,0.2542368
7/8/24 12:00:00,0.2450352
7/8/24 13:00:00,0.2314032
7/8/24 14:00:00,0.2227696
7/8/24 15:00:00,0.205616
7/8/24 16:00:00,0.205616
7/8/24 17:00:00,0.1975504
7/8/24 18:00:00,0.226064
7/8/24 19:00:00,0.2031168
7/8/24 20:00:00,0.1672192
7/8/24 21:00:00,0.1379104
7/8/24 22:00:00,0.1009904
7/8/24 23:00:00,0.0560048
8/8/24 0:00:00,0.032944
8/8/24 1:00:00,0.0294224
8/8/24 2:00:00,0.0293088
8/8/24 3:00:00,0.0296496
8/8/24 4:00:00,0.0337392
8/8/24 5:00:00,0.0553232
8/8/24 6:00:00,0.097696
8/8/24 7:00:00,0.1672192
8/8/24 8:00:00,0.1865312
8/8/24 9:00:00,0.1844864
8/8/24 10:00:00,0.1642656
8/8/24 11:00:00,0.1308672
8/8/24 12:00:00,0.126664
8/8/24 13:00:00,0.1048528
8/8/24 14:00:00,0.084632
8/8/24 15:00:00,0.09088
8/8/24 16:00:00,0.0901984
8/8/24 17:00:00,0.1100784
8/8/24 18:00:00,0.1291632
8/8/24 19:00:00,0.1163264
8/8/24 20:00:00,0.0746352
8/8/24 21:00:00,0.0532784
8/8/24 22:00:00,0.0345344
8/8/24 23:00:00,0
9/8/24 0:00:00,0.0320352
9/8/24 1:00:00,0.027832
9/8/24 2:00:00,0.0296496
9/8/24 3:00:00,0.0303312
9/8/24 4:00:00,0.0366928
9/8/24 5:00:00,0.0478256
9/8/24 6:00:00,0.0856544
9/8/24 7:00:00,0.1855088
9/8/24 8:00:00,0.1969824
9/8/24 9:00:00,0.1960736
9/8/24 10:00:00,0.0995136
9/8/24 11:00:00,0.0338528
9/8/24 12:00:00,0.000568
9/8/24 13:00:00,-0.0018176
9/8/24 14:00:00,-0.009088
9/8/24 15:00:00,-0.0012496
9/8/24 16:00:00,-0.0001136
9/8/24 17:00:00,0.0297632
9/8/24 18:00:00,0.0555504
9/8/24 19:00:00,0.0461216
9/8/24 20:00:00,0.038056
9/8/24 21:00:00,0.0186304
9/8/24 22:00:00,-0.0006816
9/8/24 23:00:00,-0.0145408
10/8/24 0:00:00,-0.0092016
10/8/24 1:00:00,-0.0101104
10/8/24 2:00:00,-0.0098832
10/8/24 3:00:00,-0.010224
10/8/24 4:00:00,-0.01136
10/8/24 5:00:00,-0.01136
10/8/24 6:00:00,-0.0093152
10/8/24 7:00:00,-0.0057936
10/8/24 8:00:00,-0.001704
10/8/24 9:00:00,-0.007952
10/8/24 10:00:00,-0.03408
10/8/24 11:00:00,-0.138592
10/8/24 12:00:00,-0.2554864
10/8/24 13:00:00,-0.4631472
10/8/24 14:00:00,-0.4554224
10/8/24 15:00:00,-0.3370512
10/8/24 16:00:00,-0.0923568
10/8/24 17:00:00,0
10/8/24 18:00:00,0.0285136
10/8/24 19:00:00,0.032944
10/8/24 20:00:00,0.032944
10/8/24 21:00:00,0.0333984
10/8/24 22:00:00,0.0248784
10/8/24 23:00:00,0.0048848
11/8/24 0:00:00,0
11/8/24 1:00:00,-0.0001136
11/8/24 2:00:00,-0.0001136
11/8/24 3:00:00,-0.0001136
11/8/24 4:00:00,-0.0001136
11/8/24 5:00:00,-0.0001136
11/8/24 6:00:00,-0.0001136
11/8/24 7:00:00,0.0053392
11/8/24 8:00:00,0.0101104
11/8/24 9:00:00,0
11/8/24 10:00:00,-0.0568
11/8/24 11:00:00,-0.1702864
11/8/24 12:00:00,-0.3639744
11/8/24 13:00:00,-0.6811456
11/8/24 14:00:00,-0.4537184
11/8/24 15:00:00,-0.2786608
11/8/24 16:00:00,-0.0489616
11/8/24 17:00:00,0.0001136
11/8/24 18:00:00,0.0313536
11/8/24 19:00:00,0.03408
11/8/24 20:00:00,0.032944
11/8/24 21:00:00,0.0330576
11/8/24 22:00:00,0.0274912
11/8/24 23:00:00,0.0078384
12/8/24 0:00:00,0.0055664
12/8/24 1:00:00,0.0046576
12/8/24 2:00:00,0.0040896
12/8/24 3:00:00,0.0072704
12/8/24 4:00:00,0.0234016
12/8/24 5:00:00,0.0345344
12/8/24 6:00:00,0.0770208
12/8/24 7:00:00,0.107352
12/8/24 8:00:00,0.120984
12/8/24 9:00:00,0.1325712
12/8/24 10:00:00,0.1472256
12/8/24 11:00:00,0.1646064
12/8/24 12:00:00,0.1142816
12/8/24 13:00:00,0.0792928
12/8/24 14:00:00,0.1530192
12/8/24 15:00:00,0.1676736
12/8/24 16:00:00,0.2036848
12/8/24 17:00:00,0.2279952
12/8/24 18:00:00,0.2524192
12/8/24 19:00:00,0.2605984
12/8/24 20:00:00,0.2324256
12/8/24 21:00:00,0.20448
12/8/24 22:00:00,0.1866448
12/8/24 23:00:00,0.1585856
13/8/24 0:00:00,0.1781248
13/8/24 1:00:00,0.1792608
13/8/24 2:00:00,0.1815328
13/8/24 3:00:00,0.1884624
13/8/24 4:00:00,0.198232
13/8/24 5:00:00,0.2156128
13/8/24 6:00:00,0.2352656
13/8/24 7:00:00,0.2918384
13/8/24 8:00:00,0.2951328
13/8/24 9:00:00,0.2943376
13/8/24 10:00:00,0.2623024
13/8/24 11:00:00,0.2325392
13/8/24 12:00:00,0.209024
13/8/24 13:00:00,0.2036848
13/8/24 14:00:00,0.2126592
13/8/24 15:00:00,0.2407184
13/8/24 16:00:00,0.2648016
13/8/24 17:00:00,0.2651424
13/8/24 18:00:00,0.2707088
13/8/24 19:00:00,0.2498064
13/8/24 20:00:00,0.236288
13/8/24 21:00:00,0.2053888
13/8/24 22:00:00,0.209024
13/8/24 23:00:00,0.1699456
14/8/24 0:00:00,0.196528
14/8/24 1:00:00,0.188576
14/8/24 2:00:00,0.1741488
14/8/24 3:00:00,0.1705136
14/8/24 4:00:00,0.1756256
14/8/24 5:00:00,0.1842592
14/8/24 6:00:00,0.1859632
14/8/24 7:00:00,0.196528
14/8/24 8:00:00,0.2236784
14/8/24 9:00:00,0.2369696
14/8/24 10:00:00,0.2307216
14/8/24 11:00:00,0.2041392
14/8/24 12:00:00,0.1983456
14/8/24 13:00:00,0.1926656
14/8/24 14:00:00,0.1905072
14/8/24 15:00:00,0.1911888
14/8/24 16:00:00,0.19312
14/8/24 17:00:00,0.2153856
14/8/24 18:00:00,0.2378784
14/8/24 19:00:00,0.2258368
14/8/24 20:00:00,0.2041392
14/8/24 21:00:00,0.1928928
14/8/24 22:00:00,0.212432
14/8/24 23:00:00,0.172104